peptide,HLA,adaboost_v4_probability,adaboost_v4_prediction,xgboost_v4_probability,xgboost_v4_prediction,random_forest_scratch_v6_probability,random_forest_scratch_v6_prediction,lightgbm_v16_probability,lightgbm_v16_prediction,consensus_probability,consensus_prediction
NVFAFPFTIY,HLA-B*15:01,0.612670287355017,immunogenic,0.9724458,immunogenic,0.9,immunogenic,0.9999691141228557,immunogenic,0.8712712968692927,immunogenic
IEYPIIGDEL,HLA-B*40:01,0.8185711918094605,immunogenic,0.9986027,immunogenic,0.9866666666666667,immunogenic,0.9999912472168924,immunogenic,0.9509579485013875,immunogenic
SELVIGAVIL,HLA-B*40:01,0.8130695406067225,immunogenic,0.9957462,immunogenic,0.9866666666666667,immunogenic,0.9999928994288075,immunogenic,0.9488688255046279,immunogenic
GYINVFAFPF,HLA-A*24:02,0.4085351908333747,non-immunogenic,0.16620564,non-immunogenic,0.41333333333333333,non-immunogenic,0.20552653564900067,non-immunogenic,0.29840017610581315,non-immunogenic
IQYIDIGNY,HLA-B*15:01,0.5542932054301131,immunogenic,0.95119125,immunogenic,0.9066666666666666,immunogenic,0.9998510850759785,immunogenic,0.8530005509205776,immunogenic
FLAFVVFLL,HLA-A*02:01,0.49571170147141996,non-immunogenic,0.19846085,non-immunogenic,0.23333333333333334,non-immunogenic,0.04494645158937909,non-immunogenic,0.2431130833833727,non-immunogenic
KVSIWNLDY,HLA-B*15:01,0.5281287079706598,immunogenic,0.5857553,immunogenic,0.8133333333333334,immunogenic,0.9882710007018187,immunogenic,0.7288720826516834,immunogenic
FIAGLIAIV,HLA-A*02:01,0.5426704575380233,immunogenic,0.8105526,immunogenic,0.8666666666666667,immunogenic,0.9760141304781352,immunogenic,0.7989759629321809,immunogenic
KLFAAETLK,HLA-A*03:01,0.5777620796983421,immunogenic,0.53525394,immunogenic,0.7,immunogenic,0.1797864976812245,non-immunogenic,0.4982006298480883,non-immunogenic
VTLAILTALR,HLA-A*11:01,0.5429175886900037,immunogenic,0.8675035,immunogenic,0.5333333333333333,immunogenic,0.9961363915796854,immunogenic,0.7349727093574054,immunogenic
QYIKWPWYI,HLA-A*24:02,0.38782522345259673,non-immunogenic,0.025797892,non-immunogenic,0.4266666666666667,non-immunogenic,0.0007547692168300178,non-immunogenic,0.21026113792449322,non-immunogenic
NPANNAAIVL,HLA-B*07:02,0.4983436908674483,non-immunogenic,0.25441,non-immunogenic,0.21333333333333335,non-immunogenic,0.22797784158373455,non-immunogenic,0.2985162161099589,non-immunogenic
QRNAPRITF,HLA-C*07:02,0.5691009691645988,immunogenic,0.7621278,immunogenic,0.7066666666666667,immunogenic,0.9979881403292835,immunogenic,0.7589708982094107,immunogenic
LEYHDVRVVL,HLA-B*40:01,0.813639962535478,immunogenic,0.99595624,immunogenic,0.98,immunogenic,0.9999995185348629,immunogenic,0.947398930788711,immunogenic
SYFIASFRLF,HLA-A*24:02,0.4057106799390691,non-immunogenic,0.40837622,non-immunogenic,0.5066666666666667,immunogenic,0.20425464205182423,non-immunogenic,0.381252051386497,non-immunogenic
YIDIGNYTV,HLA-A*02:01,0.514815640797524,immunogenic,0.75008005,immunogenic,0.5533333333333333,immunogenic,0.9680491722526857,immunogenic,0.696569548855369,immunogenic
KLLEQWNLV,HLA-A*02:01,0.532759024751967,immunogenic,0.78854257,immunogenic,0.7933333333333333,immunogenic,0.9836313694756933,immunogenic,0.7745665740611545,immunogenic
EYHDVRVVL,HLA-C*07:02,0.5848192101200549,immunogenic,0.9394567,immunogenic,0.8733333333333333,immunogenic,0.8513054581808185,immunogenic,0.8122286757282233,immunogenic
GTITVEELKK,HLA-A*11:01,0.510028236151409,immunogenic,0.8486673,immunogenic,0.56,immunogenic,0.9720355648374581,immunogenic,0.722682781144548,immunogenic
VRFPNITNL,HLA-C*07:02,0.5896536085038896,immunogenic,0.9277409,immunogenic,0.9,immunogenic,0.9990929231872526,immunogenic,0.8541218508993557,immunogenic
IRQEEVQEL,HLA-C*07:02,0.6104457200488578,immunogenic,0.9157224,immunogenic,0.8933333333333333,immunogenic,0.9989078909518687,immunogenic,0.8546023435216024,immunogenic
NYMPYFFTL,HLA-C*07:02,0.5884779963472777,immunogenic,0.9085459,immunogenic,0.8666666666666667,immunogenic,0.9917031720649111,immunogenic,0.8388484365977397,immunogenic
GTGPEAGLPY,HLA-A*01:01,0.4297609929508828,non-immunogenic,0.22054057,non-immunogenic,0.6933333333333334,immunogenic,0.31691641298703843,non-immunogenic,0.4151378268759477,non-immunogenic
RQEEVQELY,HLA-B*15:01,0.5661057022285982,immunogenic,0.92219037,immunogenic,0.8533333333333334,immunogenic,0.9872239991288042,immunogenic,0.8322133507165607,immunogenic
RQEEVQELY,HLA-A*01:01,0.36079881107181827,non-immunogenic,0.0098671485,non-immunogenic,0.6466666666666666,immunogenic,0.00036607687383842004,non-immunogenic,0.25442467577154554,non-immunogenic
ASMPTTIAK,HLA-A*11:01,0.551824788073159,immunogenic,0.9651662,immunogenic,0.6533333333333333,immunogenic,0.9977395010575333,immunogenic,0.7920159583980652,immunogenic
NRFLYIIKL,HLA-C*07:02,0.556871556004378,immunogenic,0.77417916,immunogenic,0.88,immunogenic,0.9543066379434831,immunogenic,0.7913393386357004,immunogenic
TPINLVRDL,HLA-B*07:02,0.46198689267016535,non-immunogenic,0.11019132,non-immunogenic,0.25333333333333335,non-immunogenic,0.06994949671944972,non-immunogenic,0.2238652613965126,non-immunogenic
RIAGHHLGR,HLA-A*03:01,0.5890814252036694,immunogenic,0.30798575,non-immunogenic,0.5133333333333333,immunogenic,0.4779447502090913,non-immunogenic,0.4720863153917656,non-immunogenic
WLSYFIASF,HLA-B*15:01,0.5929266121742531,immunogenic,0.86081046,immunogenic,0.7466666666666667,immunogenic,0.9903659789548871,immunogenic,0.7976924291139832,immunogenic
ATEGALNTPK,HLA-A*11:01,0.6055631974498847,immunogenic,0.97560173,immunogenic,0.7933333333333333,immunogenic,0.9995314527751371,immunogenic,0.8435074290723051,immunogenic
FIRQEEVQEL,HLA-A*02:01,0.4947900059741567,non-immunogenic,0.4048402,non-immunogenic,0.6666666666666666,immunogenic,0.7920897421416245,immunogenic,0.5895966539804744,immunogenic
ASKIITLKK,HLA-A*11:01,0.5058942586726832,immunogenic,0.6014383,immunogenic,0.38666666666666666,non-immunogenic,0.8739107385573697,immunogenic,0.591977486954252,immunogenic
KKADETQAL,HLA-C*07:02,0.5846302930481394,immunogenic,0.45605522,non-immunogenic,0.8933333333333333,immunogenic,0.8631338743749074,immunogenic,0.6992881811745457,immunogenic
MEVTPSGTWL,HLA-B*40:01,0.8027748819628004,immunogenic,0.99594116,immunogenic,0.9866666666666667,immunogenic,0.9999990626939134,immunogenic,0.9463454433581889,immunogenic
SPDDQIGYY,HLA-A*01:01,0.38682545445366157,non-immunogenic,0.033059537,non-immunogenic,0.5733333333333334,immunogenic,0.0019178833627258585,non-immunogenic,0.24878405214011423,non-immunogenic
AEIVDTVSAL,HLA-B*40:01,0.8150236812619268,immunogenic,0.9971942,immunogenic,1.0,immunogenic,0.9999998123529409,immunogenic,0.9530544161416777,immunogenic
VYIGDPAQL,HLA-A*24:02,0.4249140199714195,non-immunogenic,0.25077173,non-immunogenic,0.3333333333333333,non-immunogenic,0.021613121917278603,non-immunogenic,0.25765805159006516,non-immunogenic
APHGHVMVEL,HLA-B*07:02,0.5057863499823853,immunogenic,0.44794133,non-immunogenic,0.4266666666666667,non-immunogenic,0.6104695356640653,immunogenic,0.49771597134215334,non-immunogenic
AGDSGFAAY,HLA-A*01:01,0.3911539364006139,non-immunogenic,0.13618092,non-immunogenic,0.6466666666666666,immunogenic,0.13247523321567495,non-immunogenic,0.32661918966799647,non-immunogenic
NESLIDLQEL,HLA-B*40:01,0.7962694443724199,immunogenic,0.9974891,immunogenic,0.9333333333333333,immunogenic,0.9999999278911594,immunogenic,0.931772950082776,immunogenic
FLYLYALVY,HLA-B*15:01,0.5561060847883352,immunogenic,0.91055506,immunogenic,0.9133333333333333,immunogenic,0.9701036389159675,immunogenic,0.837524530428957,immunogenic
APFLYLYAL,HLA-B*07:02,0.4558447396191454,non-immunogenic,0.07802752,non-immunogenic,0.23333333333333334,non-immunogenic,0.018370229607131854,non-immunogenic,0.19639395479077013,non-immunogenic
ASAFFGMSR,HLA-A*11:01,0.5443264125344733,immunogenic,0.5165076,immunogenic,0.52,immunogenic,0.35097721291965933,non-immunogenic,0.48295281275849167,non-immunogenic
FPFTIYSLLL,HLA-B*07:02,0.4389022046454649,non-immunogenic,0.04462284,non-immunogenic,0.26666666666666666,non-immunogenic,0.0036393622778143294,non-immunogenic,0.18845776802177694,non-immunogenic
SVLNDILSR,HLA-A*11:01,0.5534163942464064,immunogenic,0.7842392,immunogenic,0.5933333333333334,immunogenic,0.9948916412746983,immunogenic,0.731470135447481,immunogenic
RPLLESELVI,HLA-B*07:02,0.4463985537639942,non-immunogenic,0.1482503,non-immunogenic,0.2733333333333333,non-immunogenic,0.00011516491764832501,non-immunogenic,0.21702433718172437,non-immunogenic
LTDEMIAQY,HLA-A*01:01,0.38819791450482716,non-immunogenic,0.049098678,non-immunogenic,0.58,immunogenic,0.05084153588458055,non-immunogenic,0.267034532080656,non-immunogenic
VTYVPAQEK,HLA-A*03:01,0.5773830025342744,immunogenic,0.7570175,immunogenic,0.6533333333333333,immunogenic,0.9455745214983802,immunogenic,0.7333270876534934,immunogenic
KTFPPTEPKK,HLA-A*03:01,0.6148854028626008,immunogenic,0.96884435,immunogenic,0.8933333333333333,immunogenic,0.999872788756555,immunogenic,0.8692339697762921,immunogenic
